id,name,city,state,latitude,longitude,categories,sub_categories,tags,cost_per_day,rating,description,visit_duration_hours,best_time_to_visit,photos,website_url,google_maps_url,opening_hours,entry_fee,is_active,nearby_attractions,facilities
jk_sri_001,Dal Lake,Srinagar,Jammu and Kashmir,34.11000000,74.87000000,{nature},{},"{""houseboats"",""shikara""}",0,4.5,Dal Lake is known for houseboats. Features include shikara.,3,year_round,{},,,,0,true,{},{}
jk_sri_002,Shalimar Bagh,Srinagar,Jammu and Kashmir,34.15000000,74.87000000,{history},{},"{""mughal garden""}",24,4.4,Shalimar Bagh - Mughal Garden,3,year_round,{},,,,24,true,{},{}
jk_sri_003,Nishat Bagh,Srinagar,Jammu and Kashmir,34.12000000,74.88000000,{history},{},"{""terraced garden""}",24,4.4,Nishat Bagh - Terraced Garden,3,year_round,{},,,,24,true,{},{}
jk_sri_004,Shankaracharya Temple,Srinagar,Jammu and Kashmir,34.08000000,74.84000000,{religious},{},"{""hilltop"",""ancient""}",0,4.3,Shankaracharya Temple is known for hilltop. Features include ancient.,2,year_round,{},,,,0,true,{},{}
jk_sri_005,Hazratbal Shrine,Srinagar,Jammu and Kashmir,34.12000000,74.84000000,{religious},{},"{""white marble"",""relic""}",0,4.6,Hazratbal Shrine is known for white marble. Features include relic.,3,year_round,{},,,,0,true,{},{}
jk_sri_006,Pari Mahal,Srinagar,Jammu and Kashmir,34.09000000,74.88000000,{history},{},"{""observatory"",""ruins""}",20,4.2,Pari Mahal is known for observatory. Features include ruins.,3,year_round,{},,,,20,true,{},{}
jk_sri_007,Tulip Garden,Srinagar,Jammu and Kashmir,34.09000000,74.88000000,{nature},{},"{""seasonal (apr)"",""asia's largest""}",50,4.6,Tulip Garden is known for seasonal (apr). Features include asia's largest.,3,year_round,{},,,,50,true,{},{}
jk_gul_010,Gulmarg Gondola,Gulmarg,Jammu and Kashmir,34.05000000,74.38000000,{adventure},{},"{""skiing"",""apharwat peak""}",740,4.8,Gulmarg Gondola is known for skiing. Features include apharwat peak.,6,year_round,{},,,,740,true,{},{}
jk_pah_015,Betaab Valley,Pahalgam,Jammu and Kashmir,34.01000000,75.32000000,{nature},{},"{""film tourism"",""river lidder""}",100,4.5,Betaab Valley is known for film tourism. Features include river lidder.,3,year_round,{},,,,100,true,{},{}
jk_son_020,Thajiwas Glacier,Sonmarg,Jammu and Kashmir,34.30000000,75.29000000,{adventure},{},"{""sledging"",""trekking""}",0,4.4,Thajiwas Glacier is known for sledging. Features include trekking.,6,year_round,{},,,,0,true,{},{}
jk_ban_030,Gurez Valley,Bandhavgarh,Jammu and Kashmir,34.63000000,74.83000000,{nature},{},"{""kishanganga river"",""habba khatoon""}",0,4.8,Gurez Valley is known for kishanganga river. Features include habba khatoon.,3,year_round,{},,,,0,true,{},{}
jk_kup_031,Bangus Valley,Kupwara,Jammu and Kashmir,34.36000000,74.05000000,{nature},{},"{""biosphere"",""meadows""}",0,4.7,Bangus Valley is known for biosphere. Features include meadows.,3,year_round,{},,,,0,true,{},{}
jk_bud_032,Doodhpathri,Budgam,Jammu and Kashmir,33.87000000,74.57000000,{nature},{},"{""valley of milk""}",0,4.4,Doodhpathri - Valley of Milk,3,year_round,{},,,,0,true,{},{}
jk_bud_033,Yusmarg,Budgam,Jammu and Kashmir,33.83000000,74.67000000,{nature},{},"{""doodhganga"",""trekking""}",0,4.3,Yusmarg is known for doodhganga. Features include trekking.,6,year_round,{},,,,0,true,{},{}
jk_ana_034,Daksum,Anantnag,Jammu and Kashmir,33.61000000,75.43000000,{nature},{},"{""trout fishing"",""forests""}",0,4.5,Daksum is known for trout fishing. Features include forests.,3,year_round,{},,,,0,true,{},{}
jk_kis_035,Sinthan Top,Kishtwar,Jammu and Kashmir,33.56000000,75.49000000,{adventure},{},"{""high pass"",""snow""}",0,4.6,Sinthan Top is known for high pass. Features include snow.,6,year_round,{},,,,0,true,{},{}
la_leh_001,Leh Palace,Leh,Ladakh,34.16000000,77.58000000,{history},{},"{""17th century"",""royal""}",15,4.2,Leh Palace is known for 17th century. Features include royal.,2,year_round,{},,,,15,true,{},{}
la_leh_002,Shanti Stupa,Leh,Ladakh,34.17000000,77.57000000,{religious},{},"{""sunset"",""peace pagoda""}",0,4.5,Shanti Stupa is known for sunset. Features include peace pagoda.,3,year_round,{},,,,0,true,{},{}
la_nub_005,Diskit Monastery,Nubra Valley,Ladakh,34.54000000,77.55000000,{religious},{},"{""maitreya buddha"",""nubra""}",30,4.6,Diskit Monastery is known for maitreya buddha. Features include nubra.,3,year_round,{},,,,30,true,{},{}
la_nub_006,Hunder Sand Dunes,Nubra Valley,Ladakh,34.58000000,77.47000000,{nature},{},"{""bactrian camels""}",0,4.5,Hunder Sand Dunes - Bactrian Camels,3,year_round,{},,,,0,true,{},{}
la_nub_007,Turtuk Village,Nubra Valley,Ladakh,34.84000000,76.83000000,{history},{},"{""balti culture"",""border""}",0,4.8,Turtuk Village is known for balti culture. Features include border.,3,year_round,{},,,,0,true,{},{}
la_cha_010,Pangong Tso,Chamoli,Ladakh,33.74000000,78.53000000,{nature},{},"{""salt lake"",""color changing""}",0,4.8,Pangong Tso is known for salt lake. Features include color changing.,3,year_round,{},,,,0,true,{},{}
la_cha_011,Tso Moriri,Chamoli,Ladakh,32.93000000,78.32000000,{nature},{},"{""wetland reserve"",""ramsar""}",0,4.7,Tso Moriri is known for wetland reserve. Features include ramsar.,3,year_round,{},,,,0,true,{},{}
la_cha_012,Hanle Monastery,Chamoli,Ladakh,32.77000000,78.97000000,{religious},{},"{""dark sky reserve""}",0,4.6,Hanle Monastery - Dark Sky Reserve,3,year_round,{},,,,0,true,{},{}
la_sha_015,Alchi Monastery,Sham Valley,Ladakh,34.22000000,77.17000000,{history},{},"{""oldest"",""wood carving""}",25,4.4,Alchi Monastery is known for oldest. Features include wood carving.,3,year_round,{},,,,25,true,{},{}
la_car_020,Lamayuru,Ladakh Central,Ladakh,34.28000000,76.77000000,{nature},{},"{""moonland"",""landscape""}",30,4.5,Lamayuru is known for moonland. Features include landscape.,3,year_round,{},,,,30,true,{},{}
hp_shi_001,The Ridge,Shillong,Himachal Pradesh,31.10000000,77.17000000,{history},{},"{""colonial hub"",""church""}",0,4.5,The Ridge is known for colonial hub. Features include church.,3,year_round,{},,,,0,true,{},{}
hp_shi_002,Jakhu Temple,Shillong,Himachal Pradesh,31.10000000,77.18000000,{religious},{},"{""giant hanuman"",""monkeys""}",0,4.3,Jakhu Temple is known for giant hanuman. Features include monkeys.,2,year_round,{},,,,0,true,{},{}
hp_man_005,Solang Valley,Manali,Himachal Pradesh,32.31000000,77.15000000,{adventure},{},"{""paragliding"",""skiing""}",0,4.4,Solang Valley is known for paragliding. Features include skiing.,3,year_round,{},,,,0,true,{},{}
hp_man_006,Rohtang Pass,Manali,Himachal Pradesh,32.37000000,77.24000000,{nature},{},"{""snow point"",""high pass""}",0,4.6,Rohtang Pass is known for snow point. Features include high pass.,3,year_round,{},,,,0,true,{},{}
hp_man_007,Hadimba Temple,Manali,Himachal Pradesh,32.24000000,77.18000000,{history},{},"{""wooden"",""pagoda style""}",0,4.5,Hadimba Temple is known for wooden. Features include pagoda style.,2,year_round,{},,,,0,true,{},{}
hp_dha_010,McLeodganj,Dharamshala,Himachal Pradesh,32.24000000,76.32000000,{religious},{},"{""dalai lama"",""tibetan""}",0,4.6,McLeodganj is known for dalai lama. Features include tibetan.,3,year_round,{},,,,0,true,{},{}
hp_dha_011,HPCA Stadium,Dharamshala,Himachal Pradesh,32.19000000,76.32000000,{cultural},{},"{""scenic cricket ground""}",20,4.5,HPCA Stadium - Scenic Cricket Ground,3,year_round,{},,,,20,true,{},{}
hp_spi_015,Key Monastery,Spiti,Himachal Pradesh,32.29000000,78.01000000,{history},{},"{""spiti valley"",""ancient""}",0,4.8,Key Monastery is known for spiti valley. Features include ancient.,3,year_round,{},,,,0,true,{},{}
hp_spi_016,Chandratal Lake,Spiti,Himachal Pradesh,32.48000000,77.61000000,{nature},{},"{""high altitude"",""trekking""}",0,4.7,Chandratal Lake is known for high altitude. Features include trekking.,3,year_round,{},,,,0,true,{},{}
hp_dal_020,Khajjiar,Dalhousie,Himachal Pradesh,32.55000000,76.06000000,{nature},{},"{""mini switzerland""}",0,4.3,Khajjiar - Mini Switzerland,3,year_round,{},,,,0,true,{},{}
uk_ris_001,Laxman Jhula,Rishikesh,Uttarakhand,30.13000000,78.33000000,{cultural},{},"{""suspension bridge""}",0,4.4,Laxman Jhula - Suspension Bridge,3,year_round,{},,,,0,true,{},{}
uk_ris_002,Triveni Ghat,Rishikesh,Uttarakhand,30.10000000,78.29000000,{religious},{},"{""ganga aarti""}",0,4.6,Triveni Ghat - Ganga Aarti,3,year_round,{},,,,0,true,{},{}
uk_har_005,Har Ki Pauri,Haridwar,Uttarakhand,29.95000000,78.17000000,{religious},{},"{""holy dip"",""kumbh mela""}",0,4.7,Har Ki Pauri is known for holy dip. Features include kumbh mela.,3,year_round,{},,,,0,true,{},{}
uk_nai_010,Naini Lake,Nainital,Uttarakhand,29.39000000,79.45000000,{nature},{},"{""boating"",""eye-shaped""}",200,4.5,Naini Lake is known for boating. Features include eye-shaped.,3,year_round,{},,,,200,true,{},{}
uk_mus_015,Kempty Falls,Mussoorie,Uttarakhand,30.48000000,78.03000000,{nature},{},"{""waterfall"",""picnic""}",0,4.1,Kempty Falls is known for waterfall. Features include picnic.,3,year_round,{},,,,0,true,{},{}
uk_cor_020,Jim Corbett NP,Corbett,Uttarakhand,29.53000000,78.77000000,"{nature,adventure}",{},"{""tiger safari"",""first np""}",4000,4.5,Jim Corbett NP is known for tiger safari. Features include first np.,5,year_round,{},,,,4000,true,{},{}
uk_aul_025,Auli,Auli,Uttarakhand,30.53000000,79.56000000,{adventure},{},"{""skiing"",""nanda devi view""}",0,4.6,Auli is known for skiing. Features include nanda devi view.,6,year_round,{},,,,0,true,{},{}
uk_val_030,Valley of Flowers,Valley of Flowers,Uttarakhand,30.72000000,79.60000000,{nature},{},"{""unesco"",""trekking"",""flora""}",150,4.8,"Valley of Flowers is known for unesco. Features include trekking, flora.",3,year_round,{},,,,150,true,{},{}
uk_ked_035,Kedarnath Temple,Kedarnath,Uttarakhand,30.73000000,79.06000000,{religious},{},"{""jyotirlinga"",""trek req.""}",0,4.9,Kedarnath Temple is known for jyotirlinga. Features include trek req..,2,year_round,{},,,,0,true,{},{}
uk_bad_036,Badrinath Temple,Badrinath,Uttarakhand,30.74000000,79.49000000,{religious},{},"{""char dham"",""vishnu""}",0,4.8,Badrinath Temple is known for char dham. Features include vishnu.,2,year_round,{},,,,0,true,{},{}
dl_del_001,Red Fort,Delhi,Delhi,28.65000000,77.24000000,{history},{},"{""unesco"",""mughal""}",35,4.4,Red Fort is known for unesco. Features include mughal.,2,year_round,{},,,,35,true,{},{}
dl_del_002,Qutub Minar,Delhi,Delhi,28.52000000,77.18000000,{history},{},"{""unesco"",""minaret""}",35,4.5,Qutub Minar is known for unesco. Features include minaret.,3,year_round,{},,,,35,true,{},{}
dl_del_003,Humayun's Tomb,Delhi,Delhi,28.59000000,77.25000000,{history},{},"{""unesco"",""garden tomb""}",30,4.5,Humayun's Tomb is known for unesco. Features include garden tomb.,2,year_round,{},,,,30,true,{},{}
dl_del_004,India Gate,Delhi,Delhi,28.61000000,77.22000000,{history},{},"{""war memorial""}",0,4.6,India Gate - War Memorial,3,year_round,{},,,,0,true,{},{}
dl_del_005,Lotus Temple,Delhi,Delhi,28.55000000,77.25000000,{religious},{},"{""bahá'í"",""marble flower""}",0,4.4,Lotus Temple is known for bahá'í. Features include marble flower.,2,year_round,{},,,,0,true,{},{}
dl_del_006,Akshardham,Delhi,Delhi,28.61000000,77.27000000,{religious},{},"{""modern"",""light show""}",0,4.6,Akshardham is known for modern. Features include light show.,3,year_round,{},,,,0,true,{},{}
dl_del_007,Chandni Chowk,Delhi,Delhi,28.65000000,77.23000000,{shopping},{},"{""market"",""street food""}",0,4.2,Chandni Chowk is known for market. Features include street food.,2,year_round,{},,,,0,true,{},{}
dl_del_008,Waste to Wonder,Delhi,Delhi,28.59000000,77.25000000,{cultural},{},"{""replicas"",""eco-park""}",50,4.1,Waste to Wonder is known for replicas. Features include eco-park.,3,year_round,{},,,,50,true,{},{}
dl_del_009,Lodhi Garden,Delhi,Delhi,28.59000000,77.22000000,{nature},{},"{""tombs"",""morning walk""}",0,4.6,Lodhi Garden is known for tombs. Features include morning walk.,3,year_round,{},,,,0,true,{},{}
dl_del_010,Hauz Khas Village,Delhi,Delhi,28.55000000,77.19000000,{cultural},{},"{""nightlife"",""ruins"",""lake""}",0,4.3,"Hauz Khas Village is known for nightlife. Features include ruins, lake.",3,year_round,{},,,,0,true,{},{}
up_agr_001,Taj Mahal,Agartala,Uttar Pradesh,27.17000000,78.04000000,{history},{},"{""unesco"",""closed fri""}",50,4.8,Taj Mahal is known for unesco. Features include closed fri.,3,year_round,{},,,,50,true,{},{}
up_agr_002,Agra Fort,Agartala,Uttar Pradesh,27.17000000,78.02000000,{history},{},"{""unesco"",""red sandstone""}",35,4.5,Agra Fort is known for unesco. Features include red sandstone.,2,year_round,{},,,,35,true,{},{}
up_agr_003,Fatehpur Sikri,Agartala,Uttar Pradesh,27.09000000,77.66000000,{history},{},"{""abandoned city"",""mughal""}",35,4.4,Fatehpur Sikri is known for abandoned city. Features include mughal.,3,year_round,{},,,,35,true,{},{}
up_var_005,Kashi Vishwanath,Varkala,Uttar Pradesh,25.31000000,83.01000000,{religious},{},"{""jyotirlinga"",""ancient""}",0,4.7,Kashi Vishwanath is known for jyotirlinga. Features include ancient.,3,year_round,{},,,,0,true,{},{}
up_var_006,Dashashwamedh,Varkala,Uttar Pradesh,25.30000000,83.00000000,{religious},{},"{""ganga aarti"",""ghats""}",0,4.6,Dashashwamedh is known for ganga aarti. Features include ghats.,3,year_round,{},,,,0,true,{},{}
up_var_007,Sarnath,Varkala,Uttar Pradesh,25.38000000,83.02000000,{history},{},"{""buddhist stupa"",""deer park""}",20,4.5,Sarnath is known for buddhist stupa. Features include deer park.,3,year_round,{},,,,20,true,{},{}
up_luc_010,Bara Imambara,Lucknow,Uttar Pradesh,26.86000000,80.91000000,{history},{},"{""labyrinth"",""bhul-bhulaiya""}",50,4.4,Bara Imambara is known for labyrinth. Features include bhul-bhulaiya.,3,year_round,{},,,,50,true,{},{}
up_luc_011,Rumi Darwaza,Lucknow,Uttar Pradesh,26.86000000,80.91000000,{history},{},"{""gateway"",""awadhi""}",0,4.3,Rumi Darwaza is known for gateway. Features include awadhi.,3,year_round,{},,,,0,true,{},{}
up_mat_015,Krishna Janmabhoomi,Mathura,Uttar Pradesh,27.50000000,77.67000000,{religious},{},"{""mathura"",""birthplace""}",0,4.6,Krishna Janmabhoomi is known for mathura. Features include birthplace.,3,year_round,{},,,,0,true,{},{}
up_ayo_020,Ram Janmabhoomi,Ayodhya,Uttar Pradesh,26.79000000,82.19000000,{religious},{},"{""ayodhya"",""ram temple""}",0,4.8,Ram Janmabhoomi is known for ayodhya. Features include ram temple.,3,year_round,{},,,,0,true,{},{}
rj_jai_001,Amer Fort,Jaintia Hills,Rajasthan,26.98000000,75.85000000,{history},{},"{""hilltop"",""elephant ride""}",100,4.6,Amer Fort is known for hilltop. Features include elephant ride.,2,year_round,{},,,,100,true,{},{}
rj_jai_002,Hawa Mahal,Jaintia Hills,Rajasthan,26.92000000,75.82000000,{history},{},"{""palace of winds""}",50,4.4,Hawa Mahal - Palace of Winds,3,year_round,{},,,,50,true,{},{}
rj_jai_003,City Palace,Jaintia Hills,Rajasthan,26.92000000,75.82000000,{history},{},"{""royal residence"",""museum""}",200,4.5,City Palace is known for royal residence. Features include museum.,2,year_round,{},,,,200,true,{},{}
rj_jai_004,Jantar Mantar,Jaintia Hills,Rajasthan,26.92000000,75.82000000,{history},{},"{""unesco"",""astronomy""}",50,4.4,Jantar Mantar is known for unesco. Features include astronomy.,3,year_round,{},,,,50,true,{},{}
rj_uda_010,City Palace,Udaipur,Rajasthan,24.57000000,73.68000000,{history},{},"{""lakeside"",""largest complex""}",300,4.6,City Palace is known for lakeside. Features include largest complex.,2,year_round,{},,,,300,true,{},{}
rj_uda_011,Lake Pichola,Udaipur,Rajasthan,24.57000000,73.68000000,{nature},{},"{""boating"",""jag mandir""}",400,4.5,Lake Pichola is known for boating. Features include jag mandir.,3,year_round,{},,,,400,true,{},{}
rj_jod_015,Mehrangarh Fort,Jodhpur,Rajasthan,26.29000000,73.01000000,{history},{},"{""blue city view"",""museum""}",100,4.7,Mehrangarh Fort is known for blue city view. Features include museum.,2,year_round,{},,,,100,true,{},{}
rj_jsl_020,Jaisalmer Fort,Jaisalmer,Rajasthan,26.91000000,70.91000000,{history},{},"{""living fort"",""unesco""}",0,4.6,Jaisalmer Fort is known for living fort. Features include unesco.,2,year_round,{},,,,0,true,{},{}
rj_jsl_021,Sam Sand Dunes,Jaisalmer,Rajasthan,26.83000000,70.50000000,{adventure},{},"{""camel safari"",""camping""}",0,4.3,Sam Sand Dunes is known for camel safari. Features include camping.,5,year_round,{},,,,0,true,{},{}
rj_ran_025,Ranthambore NP,Ranchi,Rajasthan,26.01000000,76.50000000,"{nature,adventure}",{},"{""tiger reserve"",""fort""}",1500,4.5,Ranthambore NP is known for tiger reserve. Features include fort.,5,year_round,{},,,,1500,true,{},{}
gj_kev_001,Statue of Unity,Kevadia,Gujarat,21.83000000,73.71000000,{history},{},"{""tallest statue"",""dam view""}",150,4.6,Statue of Unity is known for tallest statue. Features include dam view.,3,year_round,{},,,,150,true,{},{}
gj_kut_005,Rann of Kutch,Kutch,Gujarat,23.83000000,69.85000000,{nature},{},"{""white salt desert""}",0,4.5,Rann of Kutch - White Salt Desert,3,year_round,{},,,,0,true,{},{}
gj_ahm_010,Sabarmati Ashram,Ahmedabad,Gujarat,23.05000000,72.58000000,{history},{},"{""gandhi hq"",""history""}",0,4.6,Sabarmati Ashram is known for gandhi hq. Features include history.,3,year_round,{},,,,0,true,{},{}
gj_ahm_011,Adalaj Stepwell,Ahmedabad,Gujarat,23.16000000,72.58000000,{history},{},"{""architecture"",""water""}",0,4.5,Adalaj Stepwell is known for architecture. Features include water.,3,year_round,{},,,,0,true,{},{}
gj_jun_015,Gir National Park,Junagadh,Gujarat,21.12000000,70.82000000,"{nature,adventure}",{},"{""asiatic lions"",""safari""}",800,4.4,Gir National Park is known for asiatic lions. Features include safari.,5,year_round,{},,,,800,true,{},{}
gj_som_020,Somnath Temple,Somnath,Gujarat,20.88000000,70.40000000,{religious},{},"{""jyotirlinga"",""sea facing""}",0,4.7,Somnath Temple is known for jyotirlinga. Features include sea facing.,2,year_round,{},,,,0,true,{},{}
gj_dwa_025,Dwarkadhish,Dwarka,Gujarat,22.23000000,68.97000000,{religious},{},"{""char dham"",""krishna""}",0,4.7,Dwarkadhish is known for char dham. Features include krishna.,3,year_round,{},,,,0,true,{},{}
mh_mum_001,Gateway of India,Mumbai,Maharashtra,18.92000000,72.83000000,{history},{},"{""colonial arch"",""ferry""}",0,4.5,Gateway of India is known for colonial arch. Features include ferry.,3,year_round,{},,,,0,true,{},{}
mh_mum_002,Elephanta Caves,Mumbai,Maharashtra,18.96000000,72.93000000,{history},{},"{""unesco"",""rock-cut shiva""}",40,4.4,Elephanta Caves is known for unesco. Features include rock-cut shiva.,3,year_round,{},,,,40,true,{},{}
mh_mum_003,Marine Drive,Mumbai,Maharashtra,18.94000000,72.82000000,{cultural},{},"{""promenade"",""sunset""}",0,4.6,Marine Drive is known for promenade. Features include sunset.,3,year_round,{},,,,0,true,{},{}
mh_aur_010,Ajanta Caves,Aurangabad,Maharashtra,20.55000000,75.70000000,{history},{},"{""unesco"",""buddhist art""}",40,4.6,Ajanta Caves is known for unesco. Features include buddhist art.,3,year_round,{},,,,40,true,{},{}
mh_aur_011,Ellora Caves,Aurangabad,Maharashtra,20.02000000,75.17000000,{history},{},"{""unesco"",""kailasa temple""}",40,4.7,Ellora Caves is known for unesco. Features include kailasa temple.,3,year_round,{},,,,40,true,{},{}
mh_pun_015,Shaniwar Wada,Pune,Maharashtra,18.51000000,73.85000000,{history},{},"{""fort ruins"",""peshwa""}",25,4.1,Shaniwar Wada is known for fort ruins. Features include peshwa.,3,year_round,{},,,,25,true,{},{}
mh_pun_016,Sinhagad Fort,Pune,Maharashtra,18.36000000,73.75000000,{adventure},{},"{""trekking"",""history""}",20,4.4,Sinhagad Fort is known for trekking. Features include history.,2,year_round,{},,,,20,true,{},{}
mh_lon_020,Lonavala,Lonavala,Maharashtra,18.75000000,73.40000000,{nature},{},"{""hill station"",""chikki""}",0,4.2,Lonavala is known for hill station. Features include chikki.,3,year_round,{},,,,0,true,{},{}
mh_shi_025,Shirdi,Shillong,Maharashtra,19.76000000,74.47000000,{religious},{},"{""sai baba"",""pilgrimage""}",0,4.6,Shirdi is known for sai baba. Features include pilgrimage.,3,year_round,{},,,,0,true,{},{}
mh_mah_030,Mahabaleshwar,Mahabalipuram,Maharashtra,17.92000000,73.65000000,{nature},{},"{""strawberries"",""viewpoints""}",0,4.4,Mahabaleshwar is known for strawberries. Features include viewpoints.,3,year_round,{},,,,0,true,{},{}
ga_nor_001,Calangute Beach,North Sikkim,Goa,15.54000000,73.75000000,{nature},{},"{""commercial"",""watersports""}",0,4,Calangute Beach is known for commercial. Features include watersports.,3,year_round,{},,,,0,true,{},{}
ga_nor_002,Baga Beach,North Sikkim,Goa,15.55000000,73.75000000,{nature},{},"{""nightlife"",""shacks""}",0,4.1,Baga Beach is known for nightlife. Features include shacks.,3,year_round,{},,,,0,true,{},{}
ga_nor_003,Aguada Fort,North Sikkim,Goa,15.49000000,73.77000000,{history},{},"{""portuguese"",""lighthouse""}",0,4.4,Aguada Fort is known for portuguese. Features include lighthouse.,2,year_round,{},,,,0,true,{},{}
ga_nor_004,Anjuna Beach,North Sikkim,Goa,15.57000000,73.74000000,{shopping},{},"{""flea market"",""rock beach""}",0,4.2,Anjuna Beach is known for flea market. Features include rock beach.,3,year_round,{},,,,0,true,{},{}
ga_sou_010,Basilica Bom Jesus,South Goa,Goa,15.50000000,73.91000000,{history},{},"{""unesco"",""st. francis body""}",0,4.5,Basilica Bom Jesus is known for unesco. Features include st. francis body.,3,year_round,{},,,,0,true,{},{}
ga_sou_011,Palolem Beach,South Goa,Goa,15.01000000,74.02000000,{nature},{},"{""silent noise"",""crescent""}",0,4.6,Palolem Beach is known for silent noise. Features include crescent.,3,year_round,{},,,,0,true,{},{}
ga_sou_012,Dudhsagar Falls,South Goa,Goa,15.31000000,74.31000000,{nature},{},"{""4-tiered waterfall"",""trek""}",400,4.6,Dudhsagar Falls is known for 4-tiered waterfall. Features include trek.,3,year_round,{},,,,400,true,{},{}
ga_sou_013,Colva Beach,South Goa,Goa,15.27000000,73.91000000,{nature},{},"{""white sand"",""family""}",0,4.2,Colva Beach is known for white sand. Features include family.,3,year_round,{},,,,0,true,{},{}
mp_kha_001,Khajuraho Temples,Khajuraho,Madhya Pradesh,24.83000000,79.91000000,{history},{},"{""unesco"",""erotic art""}",40,4.6,Khajuraho Temples is known for unesco. Features include erotic art.,2,year_round,{},,,,40,true,{},{}
mp_san_005,Sanchi Stupa,Sanchi,Madhya Pradesh,23.48000000,77.74000000,{history},{},"{""unesco"",""buddhist""}",40,4.6,Sanchi Stupa is known for unesco. Features include buddhist.,3,year_round,{},,,,40,true,{},{}
mp_bhi_010,Bhimbetka Shelters,Bhimbetka,Madhya Pradesh,22.93000000,77.61000000,{history},{},"{""unesco"",""cave painting""}",25,4.4,Bhimbetka Shelters is known for unesco. Features include cave painting.,3,year_round,{},,,,25,true,{},{}
mp_kan_015,Kanha NP,Kanyakumari,Madhya Pradesh,22.33000000,80.61000000,"{nature,adventure}",{},"{""tiger"",""barasingha""}",1500,4.7,Kanha NP is known for tiger. Features include barasingha.,5,year_round,{},,,,1500,true,{},{}
mp_ban_016,Bandhavgarh NP,Bandhavgarh,Madhya Pradesh,23.72000000,81.02000000,"{nature,adventure}",{},"{""high tiger density""}",1500,4.6,Bandhavgarh NP - High Tiger Density,5,year_round,{},,,,1500,true,{},{}
mp_pen_017,Pench NP,Pench,Madhya Pradesh,21.76000000,79.29000000,"{nature,adventure}",{},"{""jungle book setting""}",1500,4.5,Pench NP - Jungle Book setting,5,year_round,{},,,,1500,true,{},{}
mp_bho_020,Upper Lake,Bhopal,Madhya Pradesh,23.25000000,77.34000000,{nature},{},"{""bhojtal"",""ramsar site""}",0,4.2,Upper Lake is known for bhojtal. Features include ramsar site.,3,year_round,{},,,,0,true,{},{}
mp_bho_021,Van Vihar NP,Bhopal,Madhya Pradesh,23.23000000,77.36000000,"{nature,adventure}",{},"{""open zoo"",""urban park""}",20,4.3,Van Vihar NP is known for open zoo. Features include urban park.,5,year_round,{},,,,20,true,{},{}
mp_jab_025,Bhedaghat,Jabalpur,Madhya Pradesh,23.13000000,79.80000000,{nature},{},"{""marble rocks"",""boat ride""}",100,4.5,Bhedaghat is known for marble rocks. Features include boat ride.,3,year_round,{},,,,100,true,{},{}
mp_orc_030,Orchha Fort,Orchha,Madhya Pradesh,25.35000000,78.64000000,{history},{},"{""bundela"",""ram raja""}",10,4.5,Orchha Fort is known for bundela. Features include ram raja.,2,year_round,{},,,,10,true,{},{}
cg_jag_001,Chitrakote Falls,Jagdalpur,Chhattisgarh,19.20000000,81.70000000,{nature},{},"{""niagara of india""}",0,4.6,Chitrakote Falls - Niagara of India,3,year_round,{},,,,0,true,{},{}
cg_jag_002,Tirathgarh Falls,Jagdalpur,Chhattisgarh,18.91000000,81.86000000,{nature},{},"{""kanger valley np""}",25,4.5,Tirathgarh Falls - Kanger Valley NP,3,year_round,{},,,,25,true,{},{}
cg_rai_005,Bhoramdeo Temple,Raipur,Chhattisgarh,22.11000000,81.14000000,{history},{},"{""khajuraho of cg""}",0,4.4,Bhoramdeo Temple - Khajuraho of CG,2,year_round,{},,,,0,true,{},{}
cg_mai_010,Bamleshwari Temple,Mainpat,Chhattisgarh,21.23000000,80.76000000,{religious},{},"{""hilltop"",""ropeway""}",0,4.5,Bamleshwari Temple is known for hilltop. Features include ropeway.,2,year_round,{},,,,0,true,{},{}
ka_ham_001,Hampi Ruins,Hampi,Karnataka,15.33000000,76.46000000,{history},{},"{""unesco"",""vijayanagara""}",40,4.8,Hampi Ruins is known for unesco. Features include vijayanagara.,3,year_round,{},,,,40,true,{},{}
ka_mys_005,Mysore Palace,Mysore,Karnataka,12.30000000,76.65000000,{history},{},"{""indo-saracenic"",""lights""}",100,4.7,Mysore Palace is known for indo-saracenic. Features include lights.,2,year_round,{},,,,100,true,{},{}
ka_coo_010,Abbey Falls,Coorg,Karnataka,12.44000000,75.71000000,{nature},{},"{""coorg"",""coffee estate""}",15,4.2,Abbey Falls is known for coorg. Features include coffee estate.,3,year_round,{},,,,15,true,{},{}
ka_coo_011,Dubare Elephant,Coorg,Karnataka,12.36000000,75.90000000,"{nature,adventure}",{},"{""elephant camp"",""cauvery""}",100,4.4,Dubare Elephant is known for elephant camp. Features include cauvery.,6,year_round,{},,,,100,true,{},{}
ka_blr_015,Cubbon Park,Bangalore,Karnataka,12.97000000,77.59000000,{nature},{},"{""urban lung"",""colonial""}",0,4.4,Cubbon Park is known for urban lung. Features include colonial.,3,year_round,{},,,,0,true,{},{}
ka_blr_016,Lalbagh Garden,Bangalore,Karnataka,12.95000000,77.58000000,{nature},{},"{""glass house"",""flora""}",30,4.3,Lalbagh Garden is known for glass house. Features include flora.,3,year_round,{},,,,30,true,{},{}
ka_gok_020,Om Beach,Gokarna,Karnataka,14.51000000,74.31000000,{nature},{},"{""gokarna"",""shape of om""}",0,4.5,Om Beach is known for gokarna. Features include shape of om.,3,year_round,{},,,,0,true,{},{}
ka_shi_025,Jog Falls,Shillong,Karnataka,14.22000000,74.79000000,{nature},{},"{""2nd highest plunge""}",0,4.3,Jog Falls - 2nd Highest Plunge,3,year_round,{},,,,0,true,{},{}
ka_agu_030,Agumbe,Agumbe,Karnataka,13.50000000,75.09000000,{nature},{},"{""rainforest"",""king cobra""}",0,4.5,Agumbe is known for rainforest. Features include king cobra.,3,year_round,{},,,,0,true,{},{}
ka_mur_035,Murudeshwar,Murudeshwar,Karnataka,14.09000000,74.48000000,{religious},{},"{""giant shiva"",""coastal""}",0,4.6,Murudeshwar is known for giant shiva. Features include coastal.,3,year_round,{},,,,0,true,{},{}
tn_che_001,Marina Beach,Cherrapunji,Tamil Nadu,13.05000000,80.28000000,{nature},{},"{""longest urban beach""}",0,4.2,Marina Beach - Longest Urban Beach,3,year_round,{},,,,0,true,{},{}
tn_che_002,Kapaleeshwarar,Cherrapunji,Tamil Nadu,13.03000000,80.26000000,{religious},{},"{""mylapore"",""dravidian""}",0,4.6,Kapaleeshwarar is known for mylapore. Features include dravidian.,3,year_round,{},,,,0,true,{},{}
tn_mah_005,Shore Temple,Mahabalipuram,Tamil Nadu,12.62000000,80.19000000,{history},{},"{""mahabalipuram"",""unesco""}",40,4.5,Shore Temple is known for mahabalipuram. Features include unesco.,2,year_round,{},,,,40,true,{},{}
tn_mad_010,Meenakshi Amman,Madurai,Tamil Nadu,9.91000000,78.11000000,{religious},{},"{""colorful gopurams""}",0,4.8,Meenakshi Amman - Colorful Gopurams,3,year_round,{},,,,0,true,{},{}
tn_oot_015,Ooty Lake,Ooty,Tamil Nadu,11.40000000,76.69000000,{nature},{},"{""boating"",""hill station""}",15,4,Ooty Lake is known for boating. Features include hill station.,3,year_round,{},,,,15,true,{},{}
tn_oot_016,Botanical Garden,Ooty,Tamil Nadu,11.41000000,76.71000000,{nature},{},"{""flora"",""flower show""}",30,4.2,Botanical Garden is known for flora. Features include flower show.,3,year_round,{},,,,30,true,{},{}
tn_kan_020,Kanyakumari,Kanyakumari,Tamil Nadu,8.07000000,77.55000000,{nature},{},"{""land's end"",""vivekananda""}",1500,4.5,Kanyakumari is known for land's end. Features include vivekananda.,3,year_round,{},,,,1500,true,{},{}
tn_tha_025,Brihadeeswarar,Thanjavur,Tamil Nadu,10.78000000,79.13000000,{history},{},"{""thanjavur"",""chola"",""unesco""}",0,4.8,"Brihadeeswarar is known for thanjavur. Features include chola, unesco.",3,year_round,{},,,,0,true,{},{}
tn_kod_030,Kodaikanal Lake,Kodaikanal,Tamil Nadu,10.23000000,77.48000000,{nature},{},"{""star shaped"",""boating""}",0,4.4,Kodaikanal Lake is known for star shaped. Features include boating.,3,year_round,{},,,,0,true,{},{}
tn_ram_035,Ramanathaswamy,Rameswaram,Tamil Nadu,9.28000000,79.31000000,{religious},{},"{""rameswaram"",""jyotirlinga""}",0,4.7,Ramanathaswamy is known for rameswaram. Features include jyotirlinga.,3,year_round,{},,,,0,true,{},{}
kl_koc_001,Fort Kochi,Kochi,Kerala,9.96000000,76.22000000,{history},{},"{""chinese nets"",""colonial""}",0,4.5,Fort Kochi is known for chinese nets. Features include colonial.,2,year_round,{},,,,0,true,{},{}
kl_mun_005,Tea Gardens,Munnar,Kerala,10.08000000,77.05000000,{nature},{},"{""munnar"",""photography""}",0,4.7,Tea Gardens is known for munnar. Features include photography.,3,year_round,{},,,,0,true,{},{}
kl_mun_006,Eravikulam NP,Munnar,Kerala,10.12000000,77.06000000,"{nature,adventure}",{},"{""nilgiri tahr"",""rajamalai""}",200,4.3,Eravikulam NP is known for nilgiri tahr. Features include rajamalai.,5,year_round,{},,,,200,true,{},{}
kl_all_010,Backwaters,Alappuzha,Kerala,9.49000000,76.33000000,{nature},{},"{""houseboats"",""canals""}",5000,4.6,Backwaters is known for houseboats. Features include canals.,3,year_round,{},,,,5000,true,{},{}
kl_tvm_015,Padmanabhaswamy,Trivandrum,Kerala,8.48000000,76.94000000,{religious},{},"{""richest temple"",""strict""}",0,4.8,Padmanabhaswamy is known for richest temple. Features include strict.,3,year_round,{},,,,0,true,{},{}
kl_kov_020,Kovalam Beach,Kovalam,Kerala,8.40000000,76.97000000,{nature},{},"{""lighthouse"",""surfing""}",0,4.3,Kovalam Beach is known for lighthouse. Features include surfing.,3,year_round,{},,,,0,true,{},{}
kl_var_025,Varkala Cliff,Varkala,Kerala,8.73000000,76.70000000,{nature},{},"{""cliffside beach"",""cafes""}",0,4.6,Varkala Cliff is known for cliffside beach. Features include cafes.,3,year_round,{},,,,0,true,{},{}
kl_gav_030,Gavi,Gavi,Kerala,9.43000000,77.16000000,{nature},{},"{""ecotourism"",""offbeat""}",0,4.5,Gavi is known for ecotourism. Features include offbeat.,3,year_round,{},,,,0,true,{},{}
kl_vag_031,Vagamon,Vagamon,Kerala,9.68000000,76.91000000,{nature},{},"{""pine forest"",""meadows""}",0,4.4,Vagamon is known for pine forest. Features include meadows.,3,year_round,{},,,,0,true,{},{}
kl_way_035,Edakkal Caves,Wayanad,Kerala,11.62000000,76.23000000,{history},{},"{""neolithic carvings""}",40,4.3,Edakkal Caves - Neolithic Carvings,3,year_round,{},,,,40,true,{},{}
tg_hyd_001,Charminar,Hyderabad,Telangana,17.36000000,78.47000000,{history},{},"{""iconic"",""old city""}",25,4.4,Charminar is known for iconic. Features include old city.,3,year_round,{},,,,25,true,{},{}
tg_hyd_002,Golconda Fort,Hyderabad,Telangana,17.38000000,78.40000000,{history},{},"{""acoustics"",""citadel""}",25,4.5,Golconda Fort is known for acoustics. Features include citadel.,2,year_round,{},,,,25,true,{},{}
tg_hyd_003,Ramoji Film City,Hyderabad,Telangana,17.25000000,78.68000000,{cultural},{},"{""largest film studio""}",1350,4.3,Ramoji Film City - Largest Film Studio,3,year_round,{},,,,1350,true,{},{}
ap_viz_010,RK Beach,Visakhapatnam,Andhra Pradesh,17.71000000,83.32000000,{nature},{},"{""submarine museum""}",0,4.2,RK Beach - Submarine Museum,3,year_round,{},,,,0,true,{},{}
ap_viz_011,INS Kursura,Visakhapatnam,Andhra Pradesh,17.71000000,83.33000000,{history},{},"{""submarine tour""}",70,4.6,INS Kursura - Submarine Tour,3,year_round,{},,,,70,true,{},{}
ap_ara_015,Borra Caves,Araku,Andhra Pradesh,18.28000000,83.03000000,{nature},{},"{""stalactites"",""limestone""}",60,4.4,Borra Caves is known for stalactites. Features include limestone.,3,year_round,{},,,,60,true,{},{}
ap_ara_016,Araku Valley,Araku,Andhra Pradesh,18.33000000,82.86000000,{nature},{},"{""coffee"",""tribal museum""}",0,4.3,Araku Valley is known for coffee. Features include tribal museum.,3,year_round,{},,,,0,true,{},{}
ap_gan_020,Gandikota,Gangtok,Andhra Pradesh,14.81000000,78.28000000,{nature},{},"{""grand canyon of india""}",0,4.6,Gandikota - Grand Canyon of India,3,year_round,{},,,,0,true,{},{}
ap_tir_025,Tirumala Temple,Tirupati,Andhra Pradesh,13.68000000,79.34000000,{religious},{},"{""venkateswara"",""hilltop""}",0,4.9,Tirumala Temple is known for venkateswara. Features include hilltop.,2,year_round,{},,,,0,true,{},{}
wb_kol_001,Victoria Memorial,Kolkata,West Bengal,22.54000000,88.34000000,{history},{},"{""british raj"",""white marble""}",30,4.6,Victoria Memorial is known for british raj. Features include white marble.,3,year_round,{},,,,30,true,{},{}
wb_kol_002,Howrah Bridge,Kolkata,West Bengal,22.58000000,88.34000000,{history},{},"{""cantilever bridge""}",0,4.5,Howrah Bridge - Cantilever Bridge,3,year_round,{},,,,0,true,{},{}
wb_kol_003,Dakshineswar,Kolkata,West Bengal,22.65000000,88.36000000,{religious},{},"{""kali temple"",""rani rashmoni""}",0,4.7,Dakshineswar is known for kali temple. Features include rani rashmoni.,3,year_round,{},,,,0,true,{},{}
wb_dar_010,Tiger Hill,Darjeeling,West Bengal,27.00000000,88.28000000,{nature},{},"{""sunrise"",""kanchenjunga""}",0,4.6,Tiger Hill is known for sunrise. Features include kanchenjunga.,3,year_round,{},,,,0,true,{},{}
wb_dar_011,Batasia Loop,Darjeeling,West Bengal,27.01000000,88.25000000,{history},{},"{""toy train"",""war memorial""}",20,4.4,Batasia Loop is known for toy train. Features include war memorial.,3,year_round,{},,,,20,true,{},{}
wb_sun_015,Sundarbans,Sundarbans,West Bengal,21.94000000,88.89000000,"{nature,adventure}",{},"{""unesco"",""mangroves"",""tiger""}",0,4.3,"Sundarbans is known for unesco. Features include mangroves, tiger.",6,year_round,{},,,,0,true,{},{}
wb_kal_020,Kalimpong,Kalimpong,West Bengal,27.06000000,88.47000000,{nature},{},"{""monasteries"",""orchids""}",0,4.2,Kalimpong is known for monasteries. Features include orchids.,3,year_round,{},,,,0,true,{},{}
od_pur_001,Jagannath Temple,Puri,Odisha,19.80000000,85.81000000,{religious},{},"{""char dham"",""rath yatra""}",0,4.8,Jagannath Temple is known for char dham. Features include rath yatra.,2,year_round,{},,,,0,true,{},{}
od_kon_005,Sun Temple,Konark,Odisha,19.88000000,86.09000000,{history},{},"{""konark"",""unesco"",""chariot""}",40,4.7,"Sun Temple is known for konark. Features include unesco, chariot.",2,year_round,{},,,,40,true,{},{}
od_bhu_010,Lingaraj Temple,Bhubaneswar,Odisha,20.23000000,85.83000000,{history},{},"{""kalinga architecture""}",0,4.6,Lingaraj Temple - Kalinga Architecture,2,year_round,{},,,,0,true,{},{}
od_bhu_011,Udayagiri Caves,Bhubaneswar,Odisha,20.26000000,85.78000000,{history},{},"{""jain rock cut""}",25,4.4,Udayagiri Caves - Jain Rock Cut,3,year_round,{},,,,25,true,{},{}
od_chi_015,Chilika Lake,Chidiya Tapu,Odisha,19.84000000,85.47000000,{nature},{},"{""lagoon"",""dolphins""}",0,4.5,Chilika Lake is known for lagoon. Features include dolphins.,3,year_round,{},,,,0,true,{},{}
as_kaz_001,Kaziranga NP,Kaziranga,Assam,26.57000000,93.17000000,"{nature,adventure}",{},"{""one-horned rhino"",""safari""}",100,4.7,Kaziranga NP is known for one-horned rhino. Features include safari.,5,year_round,{},,,,100,true,{},{}
as_guw_005,Kamakhya Temple,Guwahati,Assam,26.16000000,91.70000000,{religious},{},"{""tantric"",""shakti peeth""}",0,4.6,Kamakhya Temple is known for tantric. Features include shakti peeth.,2,year_round,{},,,,0,true,{},{}
as_maj_010,Majuli Island,Majuli,Assam,26.95000000,94.16000000,{history},{},"{""largest river is."",""satra""}",0,4.4,Majuli Island is known for largest river is.. Features include satra.,3,year_round,{},,,,0,true,{},{}
ml_che_015,Nohkalikai Falls,Cherrapunji,Meghalaya,25.27000000,91.70000000,{nature},{},"{""tallest plunge"",""cherrapunji""}",20,4.6,Nohkalikai Falls is known for tallest plunge. Features include cherrapunji.,3,year_round,{},,,,20,true,{},{}
ml_che_016,Living Root Bridge,Cherrapunji,Meghalaya,25.25000000,91.67000000,{nature},{},"{""bio-engineering"",""trek""}",20,4.8,Living Root Bridge is known for bio-engineering. Features include trek.,6,year_round,{},,,,20,true,{},{}
ml_daw_020,Umngot River,Dawki,Meghalaya,25.18000000,92.01000000,{nature},{},"{""dawki"",""crystal clear""}",0,4.5,Umngot River is known for dawki. Features include crystal clear.,3,year_round,{},,,,0,true,{},{}
ml_shi_025,Umiam Lake,Shillong,Meghalaya,25.66000000,91.93000000,{nature},{},"{""barapani"",""man-made""}",0,4.3,Umiam Lake is known for barapani. Features include man-made.,3,year_round,{},,,,0,true,{},{}
ar_taw_001,Tawang Monastery,Tawang,Arunachal Pradesh,27.58000000,91.86000000,{religious},{},"{""2nd largest in world""}",0,4.7,Tawang Monastery - 2nd Largest in World,3,year_round,{},,,,0,true,{},{}
ar_taw_002,Sela Pass,Tawang,Arunachal Pradesh,27.50000000,92.10000000,{nature},{},"{""high altitude"",""lake""}",0,4.6,Sela Pass is known for high altitude. Features include lake.,3,year_round,{},,,,0,true,{},{}
ar_zir_005,Ziro Valley,Ziro,Arunachal Pradesh,27.59000000,93.83000000,{history},{},"{""apatani tribe"",""music fest""}",0,4.5,Ziro Valley is known for apatani tribe. Features include music fest.,3,year_round,{},,,,0,true,{},{}
nl_koh_010,Kisama Heritage,Kohima,Nagaland,25.61000000,94.11000000,{history},{},"{""hornbill festival village""}",20,4.5,Kisama Heritage - Hornbill Festival Village,3,year_round,{},,,,20,true,{},{}
nl_dzu_011,Dzukou Valley,Dzukou,Nagaland,25.57000000,94.07000000,{nature},{},"{""trekking"",""lilies""}",100,4.7,Dzukou Valley is known for trekking. Features include lilies.,3,year_round,{},,,,100,true,{},{}
mn_lok_015,Loktak Lake,Loktak,Manipur,24.55000000,93.81000000,{nature},{},"{""floating phumdis"",""sangai""}",0,4.5,Loktak Lake is known for floating phumdis. Features include sangai.,3,year_round,{},,,,0,true,{},{}
mz_aiz_020,Reiek Peak,Aizawl,Mizoram,23.69000000,92.61000000,{nature},{},"{""mizo hills"",""viewpoint""}",0,4.4,Reiek Peak is known for mizo hills. Features include viewpoint.,3,year_round,{},,,,0,true,{},{}
tr_una_025,Unakoti,Unakoti,Tripura,24.31000000,92.06000000,{history},{},"{""rock carvings"",""shiva""}",0,4.6,Unakoti is known for rock carvings. Features include shiva.,3,year_round,{},,,,0,true,{},{}
sk_gan_030,Nathula Pass,Gangtok,Sikkim,27.38000000,88.83000000,{adventure},{},"{""china border"",""silk route""}",0,4.6,Nathula Pass is known for china border. Features include silk route.,6,year_round,{},,,,0,true,{},{}
sk_nor_035,Gurudongmar Lake,North Sikkim,Sikkim,28.02000000,88.71000000,{nature},{},"{""one of highest lakes""}",0,4.8,Gurudongmar Lake - One of highest lakes,3,year_round,{},,,,0,true,{},{}
an_hav_001,Radhanagar Beach,Havelock,Andaman and Nicobar,11.98000000,92.95000000,{nature},{},"{""havelock"",""asia's best""}",0,4.9,Radhanagar Beach is known for havelock. Features include asia's best.,3,year_round,{},,,,0,true,{},{}
an_hav_002,Elephant Beach,Havelock,Andaman and Nicobar,12.00000000,92.94000000,{adventure},{},"{""snorkeling"",""sea walk""}",0,4.5,Elephant Beach is known for snorkeling. Features include sea walk.,3,year_round,{},,,,0,true,{},{}
an_por_005,Cellular Jail,Port Blair,Andaman and Nicobar,11.67000000,92.74000000,{history},{},"{""history"",""light & sound""}",30,4.7,Cellular Jail is known for history. Features include light & sound.,3,year_round,{},,,,30,true,{},{}
an_nei_010,Natural Bridge,Neil Island,Andaman and Nicobar,11.83000000,93.04000000,{nature},{},"{""neil island"",""rock form""}",0,4.4,Natural Bridge is known for neil island. Features include rock form.,3,year_round,{},,,,0,true,{},{}
an_ros_015,Ross Island,Ross Island,Andaman and Nicobar,11.67000000,92.76000000,{history},{},"{""british ruins"",""bunkers""}",30,4.3,Ross Island is known for british ruins. Features include bunkers.,3,year_round,{},,,,30,true,{},{}
an_bar_020,Limestone Caves,Baratang,Andaman and Nicobar,12.09000000,92.76000000,{nature},{},"{""baratang"",""mangrove ride""}",0,4.2,Limestone Caves is known for baratang. Features include mangrove ride.,3,year_round,{},,,,0,true,{},{}
an_chi_025,Chidiya Tapu,Chidiya Tapu,Andaman and Nicobar,11.50000000,92.70000000,{nature},{},"{""bird watching"",""sunset""}",0,4.4,Chidiya Tapu is known for bird watching. Features include sunset.,3,year_round,{},,,,0,true,{},{}
ld_aga_030,Agatti Island,Agatti,Lakshadweep,10.85000000,72.19000000,{nature},{},"{""lakshadweep gateway""}",0,4.6,Agatti Island - Lakshadweep Gateway,3,year_round,{},,,,0,true,{},{}
ld_kav_035,Kavaratti,Kavaratti,Lakshadweep,10.56000000,72.64000000,{nature},{},"{""capital"",""glass bottom""}",0,4.5,Kavaratti is known for capital. Features include glass bottom.,3,year_round,{},,,,0,true,{},{}
jk_kat_040,Vaishno Devi Temple,Katra,Jammu and Kashmir,33.03000000,74.93000000,{religious},{},"{""katra"",""pilgrimage"",""cave""}",0,4.8,"Vaishno Devi Temple is known for katra. Features include pilgrimage, cave.",2,year_round,{},,,,0,true,{},{}
la_leh_025,Magnetic Hill,Leh,Ladakh,34.22000000,77.20000000,{nature},{},"{""optical illusion"",""roadside""}",0,4.3,Magnetic Hill is known for optical illusion. Features include roadside.,3,year_round,{},,,,0,true,{},{}
hp_kin_025,Kalpa,Kinnaur,Himachal Pradesh,31.52000000,78.41000000,{nature},{},"{""kinnaur"",""kinnaur kailash view""}",0,4.6,Kalpa is known for kinnaur. Features include kinnaur kailash view.,3,year_round,{},,,,0,true,{},{}
uk_cham_040,Dhanaulti,Chamoli,Uttarakhand,30.43000000,78.23000000,{nature},{},"{""eco park"",""quiet hill station""}",25,4.2,Dhanaulti is known for eco park. Features include quiet hill station.,3,year_round,{},,,,25,true,{},{}
dl_del_011,National Rail Museum,Delhi,Delhi,28.58000000,77.18000000,{cultural},{},"{""trains"",""exhibits"",""toy train""}",50,4.4,"National Rail Museum is known for trains. Features include exhibits, toy train.",2,year_round,{},,,,50,true,{},{}
up_agr_004,Itmad-ud-Daula's Tomb,Agartala,Uttar Pradesh,27.20000000,78.01000000,{history},{},"{""baby taj"""",""mughal"",""marble""}",30,4.3,"Itmad-ud-Daula's Tomb is known for baby taj"". Features include mughal, marble.",2,year_round,{},,,,30,true,{},{}
rj_bun_030,"Taragarh Fort, Bundi",Bundi,Rajasthan,25.44000000,75.64000000,{history},{},"{""hidden gem"",""murals"",""palace""}",50,4.4,"Taragarh Fort, Bundi is known for hidden gem. Features include murals, palace.",2,year_round,{},,,,50,true,{},{}
gj_ahm_012,Sidi Saiyyed Mosque,Ahmedabad,Gujarat,23.02000000,72.58000000,{history},{},"{""stone lattice work"",""jali""}",0,4.6,Sidi Saiyyed Mosque is known for stone lattice work. Features include jali.,3,year_round,{},,,,0,true,{},{}
mh_nas_035,Trimbakeshwar Temple,Nashik,Maharashtra,19.93000000,73.53000000,{religious},{},"{""nashik"",""jyotirlinga"",""godavari""}",0,4.7,"Trimbakeshwar Temple is known for nashik. Features include jyotirlinga, godavari.",2,year_round,{},,,,0,true,{},{}
ga_sou_014,Mangeshi Temple,South Goa,Goa,15.42000000,73.99000000,{religious},{},"{""ponda"",""hindu architecture""}",0,4.5,Mangeshi Temple is known for ponda. Features include hindu architecture.,2,year_round,{},,,,0,true,{},{}
mp_bho_022,Taj-ul-Masajid,Bhopal,Madhya Pradesh,23.28000000,77.40000000,{history},{},"{""pink mosque"",""largest in india""}",0,4.5,Taj-ul-Masajid is known for pink mosque. Features include largest in india.,3,year_round,{},,,,0,true,{},{}
ka_blr_017,Bangalore Palace,Bangalore,Karnataka,13.00000000,77.58000000,{history},{},"{""tudor architecture"",""grounds""}",230,4.3,Bangalore Palace is known for tudor architecture. Features include grounds.,2,year_round,{},,,,230,true,{},{}
tn_oot_017,Doddabetta Peak,Ooty,Tamil Nadu,11.41000000,76.75000000,{nature},{},"{""highest point in nilgiris"",""view""}",10,4.5,Doddabetta Peak is known for highest point in nilgiris. Features include view.,3,year_round,{},,,,10,true,{},{}
kl_way_036,Chembra Peak,Wayanad,Kerala,11.58000000,76.10000000,{adventure},{},"{""trekking"",""heart-shaped lake""}",750,4.6,Chembra Peak is known for trekking. Features include heart-shaped lake.,6,year_round,{},,,,750,true,{},{}
wb_dar_012,Darjeeling Himalayan Railway,Darjeeling,West Bengal,26.92000000,88.26000000,{history},{},"{""unesco"",""toy train"",""steam""}",1000,4.7,"Darjeeling Himalayan Railway is known for unesco. Features include toy train, steam.",3,year_round,{},,,,1000,true,{},{}
ka_chi_040,Belur Halebidu Temples,Chidiya Tapu,Karnataka,13.16000000,75.96000000,{history},{},"{""hoysala"",""sculpture"",""twin sites""}",0,4.5,"Belur Halebidu Temples is known for hoysala. Features include sculpture, twin sites.",2,year_round,{},,,,0,true,{},{}
tg_hyd_004,Salar Jung Museum,Hyderabad,Telangana,17.38000000,78.48000000,{cultural},{},"{""art"",""artifacts"",""clock collection""}",50,4.4,"Salar Jung Museum is known for art. Features include artifacts, clock collection.",2,year_round,{},,,,50,true,{},{}
ap_viz_012,Kailasagiri,Visakhapatnam,Andhra Pradesh,17.74000000,83.37000000,{nature},{},"{""hilltop park"",""shiva parvati"",""ropeway""}",60,4.3,"Kailasagiri is known for hilltop park. Features include shiva parvati, ropeway.",3,year_round,{},,,,60,true,{},{}
mh_aur_012,Bibi Ka Maqbara,Aurangabad,Maharashtra,19.90000000,75.30000000,{history},{},"{""deccan taj"","""" mughal"",""mausoleum""}",25,4.2,"Bibi Ka Maqbara is known for deccan taj,"" mughal. Features include mausoleum.",3,year_round,{},,,,25,true,{},{}
rj_jai_005,Nahargarh Fort,Jaintia Hills,Rajasthan,26.93000000,75.80000000,{history},{},"{""sunset view"",""jaipur skyline"",""walls""}",50,4.3,"Nahargarh Fort is known for sunset view. Features include jaipur skyline, walls.",2,year_round,{},,,,50,true,{},{}
up_luc_012,Ambedkar Memorial Park,Lucknow,Uttar Pradesh,26.85000000,80.97000000,{cultural},{},"{""modern architecture"",""statues""}",20,4.4,Ambedkar Memorial Park is known for modern architecture. Features include statues.,3,year_round,{},,,,20,true,{},{}
pb_ami_001,Golden Temple,Amritsar,Punjab,31.62000000,74.87000000,{religious},{},"{""harmandir sahib"",""amritsar"",""sikhism""}",0,4.9,"Golden Temple is known for harmandir sahib. Features include amritsar, sikhism.",2,year_round,{},,,,0,true,{},{}
hr_kur_001,Kurukshetra (Brahma Sarovar),Kurukshetra,Haryana,29.97000000,76.81000000,{religious},{},"{""holy tank"",""mahabharata site""}",0,4.3,Kurukshetra (Brahma Sarovar) is known for holy tank. Features include mahabharata site.,3,year_round,{},,,,0,true,{},{}
bi_bod_001,Mahabodhi Temple,Bodh Gaya,Bihar,24.69000000,85.00000000,{religious},{},"{""unesco"",""bodh gaya"",""enlightenment""}",0,4.8,"Mahabodhi Temple is known for unesco. Features include bodh gaya, enlightenment.",2,year_round,{},,,,0,true,{},{}
jh_ran_001,Hundru Falls,Ranchi,Jharkhand,23.47000000,85.50000000,{nature},{},"{""ranchi"",""subarnarekha river""}",10,4.4,Hundru Falls is known for ranchi. Features include subarnarekha river.,3,year_round,{},,,,10,true,{},{}
as_guw_006,Pobitora Wildlife Sanctuary,Guwahati,Assam,26.17000000,92.10000000,"{nature,adventure}",{},"{""rhino"",""high density"",""jeep safari""}",500,4.0,"Pobitora Wildlife Sanctuary is known for rhino. Features include high density, jeep safari.",5,year_round,{},,,,500,true,{},{}
tr_agr_001,Ujjayanta Palace,Agartala,Tripura,23.83000000,91.27000000,{history},{},"{""agartala"",""museum"",""neoclassical""}",20,4.4,"Ujjayanta Palace is known for agartala. Features include museum, neoclassical.",2,year_round,{},,,,20,true,{},{}
sk_gan_031,Tsomgo Lake,Gangtok,Sikkim,27.37000000,88.75000000,{nature},{},"{""changu lake"",""yak rides"",""high alt.""}",0,4.7,"Tsomgo Lake is known for changu lake. Features include yak rides, high alt..",3,year_round,{},,,,0,true,{},{}
uk_cha_045,Char Dham Yatra,Chamoli,Uttarakhand,30.74000000,79.27000000,{religious},{},"{""pilgrimage circuit"",""high altitude""}",0,4.9,Char Dham Yatra is known for pilgrimage circuit. Features include high altitude.,3,year_round,{},,,,0,true,{},{}
kl_kas_040,Bekal Fort,Kasaragod,Kerala,12.38000000,75.03000000,{history},{},"{""kasaragod"",""keyhole shape"",""coastal""}",25,4.5,"Bekal Fort is known for kasaragod. Features include keyhole shape, coastal.",2,year_round,{},,,,25,true,{},{}
hp_kin_030,Sangla Valley,Kinnaur,Himachal Pradesh,31.39000000,78.29000000,{nature},{},"{""baspa river"",""traditional villages"",""trekking""}",0,4.6,"Sangla Valley is known for baspa river. Features include traditional villages, trekking.",3,year_round,{},,,,0,true,{},{}
uk_teh_050,Tehri Dam,Tehri,Uttarakhand,30.38000000,78.47000000,{adventure},{},"{""india's highest dam"",""reservoir"",""water sports""}",0,4.4,"Tehri Dam is known for india's highest dam. Features include reservoir, water sports.",6,year_round,{},,,,0,true,{},{}
dl_del_012,Safdarjung Tomb,Delhi,Delhi,28.58000000,77.21000000,{history},{},"{""last garden tomb"",""mughal"",""sandstone""}",25,4.2,"Safdarjung Tomb is known for last garden tomb. Features include mughal, sandstone.",2,year_round,{},,,,25,true,{},{}
rj_pus_040,Pushkar Lake,Pushkar,Rajasthan,26.50000000,74.55000000,{religious},{},"{""holy bath"",""camel fair site"",""52 ghats""}",0,4.5,"Pushkar Lake is known for holy bath. Features include camel fair site, 52 ghats.",3,year_round,{},,,,0,true,{},{}
gj_pav_040,Champaner-Pavagadh,Pavagadh,Gujarat,22.48000000,73.54000000,{history},{},"{""unesco"",""hill fortress"",""ancient mosque""}",30,4.6,"Champaner-Pavagadh is known for unesco. Features include hill fortress, ancient mosque.",3,year_round,{},,,,30,true,{},{}
mh_pun_017,Aga Khan Palace,Pune,Maharashtra,18.55000000,73.89000000,{history},{},"{""gandhi imprisonment"",""history"",""italian arches""}",25,4.3,"Aga Khan Palace is known for gandhi imprisonment. Features include history, italian arches.",2,year_round,{},,,,25,true,{},{}
ka_udu_045,St. Mary's Island,Udupi,Karnataka,13.36000000,74.69000000,{nature},{},"{""malpe beach"",""columnar basaltic lava""}",50,4.5,St. Mary's Island is known for malpe beach. Features include columnar basaltic lava.,3,year_round,{},,,,50,true,{},{}
tn_mad_011,Thirumalai Nayak Palace,Madurai,Tamil Nadu,9.91000000,78.13000000,{history},{},"{""madurai"",""indo-saracenic"",""sound & light""}",10,4.4,"Thirumalai Nayak Palace is known for madurai. Features include indo-saracenic, sound & light.",2,year_round,{},,,,10,true,{},{}
kl_thr_045,Athirappilly Falls,Thrissur,Kerala,10.30000000,76.35000000,{nature},{},"{""niagara of india"","""" chalakudy river"",""film shooting""}",40,4.5,"Athirappilly Falls is known for niagara of india,"" chalakudy river. Features include film shooting.",3,year_round,{},,,,40,true,{},{}
tg_war_010,Warangal Fort,Warangal,Telangana,17.96000000,79.59000000,{history},{},"{""kakatiya dynasty"",""ruined city"",""gateways""}",20,4.2,"Warangal Fort is known for kakatiya dynasty. Features include ruined city, gateways.",2,year_round,{},,,,20,true,{},{}
od_puri_020,Konark Museum,Puri,Odisha,19.88000000,86.09000000,{history},{},"{""artifacts from sun temple"",""sculpture""}",10,4.1,Konark Museum is known for artifacts from sun temple. Features include sculpture.,2,year_round,{},,,,10,true,{},{}
as_joi_015,Shivsagar Sivadol,Jowai,Assam,27.05000000,94.63000000,{religious},{},"{""tallest shiva temple"",""ahom architecture""}",0,4.3,Shivsagar Sivadol is known for tallest shiva temple. Features include ahom architecture.,3,year_round,{},,,,0,true,{},{}
ml_jai_030,Jowai (Krang Suri Falls),Jaintia Hills,Meghalaya,25.32000000,92.20000000,{nature},{},"{""turquoise water"",""natural pool"",""trekking""}",50,4.6,"Jowai (Krang Suri Falls) is known for turquoise water. Features include natural pool, trekking.",3,year_round,{},,,,50,true,{},{}
mn_mor_020,Moreh Border Town,Moreh,Manipur,24.16000000,94.85000000,{cultural},{},"{""indo-myanmar border"",""trade"",""culture mix""}",0,4,"Moreh Border Town is known for indo-myanmar border. Features include trade, culture mix.",3,year_round,{},,,,0,true,{},{}
bi_pat_005,Nalanda Ruins,Patna,Bihar,25.13000000,85.44000000,{history},{},"{""unesco"",""ancient university"",""buddhist""}",40,4.7,"Nalanda Ruins is known for unesco. Features include ancient university, buddhist.",3,year_round,{},,,,40,true,{},{}
